{
    "asset": {
        "format": "jpg",
        "id": "0d620043d273929d061a85740ac2ed07",
        "name": "1_flipped.jpg",
        "path": "file:/Users/manju_br/Desktop/final_258/TrainYourOwnYOLO-master/Data/Source_Images/Training_Images/1_flipped.jpg",
        "size": {
            "width": 1000,
            "height": 562
        },
        "state": 2,
        "type": 1
    },
    "regions": [
        {
            "id": "x5mHllRmp",
            "type": "RECTANGLE",
            "tags": [
                "Tree Pose"
            ],
            "boundingBox": {
                "height": 513.3925860547644,
                "width": 284.72868882800975,
                "left": 386.1333796408324,
                "top": 32.49697667720124
            },
            "points": [
                {
                    "x": 386.1333796408324,
                    "y": 32.49697667720124
                },
                {
                    "x": 670.8620684688422,
                    "y": 32.49697667720124
                },
                {
                    "x": 670.8620684688422,
                    "y": 545.8895627319656
                },
                {
                    "x": 386.1333796408324,
                    "y": 545.8895627319656
                }
            ]
        }
    ],
    "version": "2.2.0"
}