{
    "asset": {
        "format": "jpg",
        "id": "0ece83aae8d3a80ee3759cefe0229c9e",
        "name": "2_flipped.jpg",
        "path": "file:/Users/manju_br/Desktop/final_258/TrainYourOwnYOLO-master/Data/Source_Images/Training_Images/2_flipped.jpg",
        "size": {
            "width": 1600,
            "height": 1067
        },
        "state": 2,
        "type": 1
    },
    "regions": [
        {
            "id": "Sh-rMJBzW",
            "type": "RECTANGLE",
            "tags": [
                "Tree Pose"
            ],
            "boundingBox": {
                "height": 1011.1179473808986,
                "width": 546.1128897550111,
                "left": 384.70182581662954,
                "top": 26.14031180400891
            },
            "points": [
                {
                    "x": 384.70182581662954,
                    "y": 26.14031180400891
                },
                {
                    "x": 930.8147155716406,
                    "y": 26.14031180400891
                },
                {
                    "x": 930.8147155716406,
                    "y": 1037.2582591849075
                },
                {
                    "x": 384.70182581662954,
                    "y": 1037.2582591849075
                }
            ]
        }
    ],
    "version": "2.2.0"
}