{
    "asset": {
        "format": "jpg",
        "id": "20437a997ff1b31fc64847e29cf293d6",
        "name": "7_flipped.jpg",
        "path": "file:/Users/manju_br/Desktop/final_258/TrainYourOwnYOLO-master/Data/Source_Images/Training_Images/7_flipped.jpg",
        "size": {
            "width": 1000,
            "height": 562
        },
        "state": 2,
        "type": 1
    },
    "regions": [
        {
            "id": "ovsWl5YiH",
            "type": "RECTANGLE",
            "tags": [
                "Tree Pose"
            ],
            "boundingBox": {
                "height": 535.852956176117,
                "width": 253.6306915733315,
                "left": 357.69554295722713,
                "top": 16.309641800527498
            },
            "points": [
                {
                    "x": 357.69554295722713,
                    "y": 16.309641800527498
                },
                {
                    "x": 611.3262345305586,
                    "y": 16.309641800527498
                },
                {
                    "x": 611.3262345305586,
                    "y": 552.1625979766445
                },
                {
                    "x": 357.69554295722713,
                    "y": 552.1625979766445
                }
            ]
        }
    ],
    "version": "2.2.0"
}