{
    "asset": {
        "format": "jpg",
        "id": "234fad2eaa642484e98533fe8991a616",
        "name": "12_flipped.jpg",
        "path": "file:/Users/manju_br/Desktop/final_258/TrainYourOwnYOLO-master/Data/Source_Images/Training_Images/12_flipped.jpg",
        "size": {
            "width": 1200,
            "height": 1400
        },
        "state": 2,
        "type": 1
    },
    "regions": [
        {
            "id": "6U8zrLLHP",
            "type": "RECTANGLE",
            "tags": [
                "No Pose"
            ],
            "boundingBox": {
                "height": 1354.0925023815946,
                "width": 772.210645799513,
                "left": 204.74064021915586,
                "top": 17.75892635761762
            },
            "points": [
                {
                    "x": 204.74064021915586,
                    "y": 17.75892635761762
                },
                {
                    "x": 976.9512860186688,
                    "y": 17.75892635761762
                },
                {
                    "x": 976.9512860186688,
                    "y": 1371.8514287392122
                },
                {
                    "x": 204.74064021915586,
                    "y": 1371.8514287392122
                }
            ]
        }
    ],
    "version": "2.2.0"
}