{
    "asset": {
        "format": "jpg",
        "id": "343444e7064daf561cecbea3c0665ca2",
        "name": "10_flipped.jpg",
        "path": "file:/Users/manju_br/Desktop/final_258/TrainYourOwnYOLO-master/Data/Source_Images/Training_Images/10_flipped.jpg",
        "size": {
            "width": 600,
            "height": 600
        },
        "state": 2,
        "type": 1
    },
    "regions": [
        {
            "id": "BtIACTVrQ",
            "type": "RECTANGLE",
            "tags": [
                "No Pose"
            ],
            "boundingBox": {
                "height": 536.9832130211233,
                "width": 239.9462999373608,
                "left": 176.67157485384186,
                "top": 29.25360664758491
            },
            "points": [
                {
                    "x": 176.67157485384186,
                    "y": 29.25360664758491
                },
                {
                    "x": 416.61787479120267,
                    "y": 29.25360664758491
                },
                {
                    "x": 416.61787479120267,
                    "y": 566.2368196687082
                },
                {
                    "x": 176.67157485384186,
                    "y": 566.2368196687082
                }
            ]
        }
    ],
    "version": "2.2.0"
}