{
    "asset": {
        "format": "jpg",
        "id": "3b4026bf1a9b377affee62a5e50bd1bb",
        "name": "7.jpg",
        "path": "file:/Users/manju_br/Desktop/final_258/TrainYourOwnYOLO-master/Data/Source_Images/Training_Images/7.jpg",
        "size": {
            "width": 1000,
            "height": 562
        },
        "state": 2,
        "type": 1
    },
    "regions": [
        {
            "id": "2vE8ISU4X",
            "type": "RECTANGLE",
            "tags": [
                "Tree Pose"
            ],
            "boundingBox": {
                "height": 520.6820472056471,
                "width": 256.85160138965705,
                "left": 399.09952439389747,
                "top": 25.728974269756804
            },
            "points": [
                {
                    "x": 399.09952439389747,
                    "y": 25.728974269756804
                },
                {
                    "x": 655.9511257835545,
                    "y": 25.728974269756804
                },
                {
                    "x": 655.9511257835545,
                    "y": 546.4110214754039
                },
                {
                    "x": 399.09952439389747,
                    "y": 546.4110214754039
                }
            ]
        }
    ],
    "version": "2.2.0"
}