{
    "asset": {
        "format": "jpg",
        "id": "4b46ec30ac0f04ac8ed8500557b6cccb",
        "name": "9.jpg",
        "path": "file:/Users/manju_br/Desktop/final_258/TrainYourOwnYOLO-master/Data/Source_Images/Training_Images/9.jpg",
        "size": {
            "width": 800,
            "height": 800
        },
        "state": 2,
        "type": 1
    },
    "regions": [
        {
            "id": "F210_5Avg",
            "type": "RECTANGLE",
            "tags": [
                "No Pose"
            ],
            "boundingBox": {
                "height": 722.2203991726407,
                "width": 295.10881385718267,
                "left": 262.0758804287305,
                "top": 35.30832133473692
            },
            "points": [
                {
                    "x": 262.0758804287305,
                    "y": 35.30832133473692
                },
                {
                    "x": 557.1846942859132,
                    "y": 35.30832133473692
                },
                {
                    "x": 557.1846942859132,
                    "y": 757.5287205073776
                },
                {
                    "x": 262.0758804287305,
                    "y": 757.5287205073776
                }
            ]
        }
    ],
    "version": "2.2.0"
}