{
    "asset": {
        "format": "png",
        "id": "5421b97785a1f5328cd3ad7228188798",
        "name": "11_flipped.png",
        "path": "file:/Users/manju_br/Desktop/final_258/TrainYourOwnYOLO-master/Data/Source_Images/Training_Images/11_flipped.png",
        "size": {
            "width": 224,
            "height": 280
        },
        "state": 2,
        "type": 1
    },
    "regions": [
        {
            "id": "IDInHsXwQ",
            "type": "RECTANGLE",
            "tags": [
                "No Pose"
            ],
            "boundingBox": {
                "height": 264.07979238803244,
                "width": 121.35141016713092,
                "left": 53.212156162952645,
                "top": 11.55059338677965
            },
            "points": [
                {
                    "x": 53.212156162952645,
                    "y": 11.55059338677965
                },
                {
                    "x": 174.56356633008357,
                    "y": 11.55059338677965
                },
                {
                    "x": 174.56356633008357,
                    "y": 275.6303857748121
                },
                {
                    "x": 53.212156162952645,
                    "y": 275.6303857748121
                }
            ]
        }
    ],
    "version": "2.2.0"
}