{
    "asset": {
        "format": "jpg",
        "id": "59614c5c105e7c296d05001c523861ad",
        "name": "1.jpg",
        "path": "file:/Users/manju_br/Desktop/final_258/TrainYourOwnYOLO-master/Data/Source_Images/Training_Images/1.jpg",
        "size": {
            "width": 1000,
            "height": 562
        },
        "state": 2,
        "type": 1
    },
    "regions": [
        {
            "id": "SuKMgEcWh",
            "type": "RECTANGLE",
            "tags": [
                "Tree Pose"
            ],
            "boundingBox": {
                "height": 509.66345154769766,
                "width": 229.44384549571348,
                "left": 361.35693215339234,
                "top": 35.30036886220215
            },
            "points": [
                {
                    "x": 361.35693215339234,
                    "y": 35.30036886220215
                },
                {
                    "x": 590.8007776491058,
                    "y": 35.30036886220215
                },
                {
                    "x": 590.8007776491058,
                    "y": 544.9638204098998
                },
                {
                    "x": 361.35693215339234,
                    "y": 544.9638204098998
                }
            ]
        }
    ],
    "version": "2.2.0"
}