{
    "asset": {
        "format": "jpg",
        "id": "6e2f3ecc40f105b8298807ad9bb64217",
        "name": "5_flipped.jpg",
        "path": "file:/Users/manju_br/Desktop/final_258/TrainYourOwnYOLO-master/Data/Source_Images/Training_Images/5_flipped.jpg",
        "size": {
            "width": 1200,
            "height": 600
        },
        "state": 2,
        "type": 1
    },
    "regions": [
        {
            "id": "JFJnGWksR",
            "type": "RECTANGLE",
            "tags": [
                "Tree Pose"
            ],
            "boundingBox": {
                "height": 579.0645228023023,
                "width": 275.6176973866151,
                "left": 444.62544939159295,
                "top": 9.160445221757467
            },
            "points": [
                {
                    "x": 444.62544939159295,
                    "y": 9.160445221757467
                },
                {
                    "x": 720.243146778208,
                    "y": 9.160445221757467
                },
                {
                    "x": 720.243146778208,
                    "y": 588.2249680240598
                },
                {
                    "x": 444.62544939159295,
                    "y": 588.2249680240598
                }
            ]
        }
    ],
    "version": "2.2.0"
}