{
    "asset": {
        "format": "jpg",
        "id": "77f0cee520b9b15b5f2aa0db8a154f9d",
        "name": "9_flipped.jpg",
        "path": "file:/Users/manju_br/Desktop/final_258/TrainYourOwnYOLO-master/Data/Source_Images/Training_Images/9_flipped.jpg",
        "size": {
            "width": 800,
            "height": 800
        },
        "state": 2,
        "type": 1
    },
    "regions": [
        {
            "id": "f6u_PosZR",
            "type": "RECTANGLE",
            "tags": [
                "No Pose",
                "Tree Pose"
            ],
            "boundingBox": {
                "height": 721.8640435777422,
                "width": 304.24299006472717,
                "left": 247.5347234305401,
                "top": 44.63040154336025
            },
            "points": [
                {
                    "x": 247.5347234305401,
                    "y": 44.63040154336025
                },
                {
                    "x": 551.7777134952673,
                    "y": 44.63040154336025
                },
                {
                    "x": 551.7777134952673,
                    "y": 766.4944451211024
                },
                {
                    "x": 247.5347234305401,
                    "y": 766.4944451211024
                }
            ]
        }
    ],
    "version": "2.2.0"
}