{
    "asset": {
        "format": "jpg",
        "id": "84237b1246da6e3cd888cd8584b6c9c8",
        "name": "4.jpg",
        "path": "file:/Users/manju_br/Desktop/final_258/TrainYourOwnYOLO-master/Data/Source_Images/Training_Images/4.jpg",
        "size": {
            "width": 318,
            "height": 188
        },
        "state": 2,
        "type": 1
    },
    "regions": [
        {
            "id": "y2mR3hX-n",
            "type": "RECTANGLE",
            "tags": [
                "Tree Pose"
            ],
            "boundingBox": {
                "height": 186.11918347137524,
                "width": 84.38146594562363,
                "left": 119.95980915981056,
                "top": 1.503642398520301
            },
            "points": [
                {
                    "x": 119.95980915981056,
                    "y": 1.503642398520301
                },
                {
                    "x": 204.34127510543422,
                    "y": 1.503642398520301
                },
                {
                    "x": 204.34127510543422,
                    "y": 187.62282586989556
                },
                {
                    "x": 119.95980915981056,
                    "y": 187.62282586989556
                }
            ]
        }
    ],
    "version": "2.2.0"
}