{
    "asset": {
        "format": "jpg",
        "id": "8d27dc1ab9c994d7a724809f6d6c861d",
        "name": "10.jpg",
        "path": "file:/Users/manju_br/Desktop/final_258/TrainYourOwnYOLO-master/Data/Source_Images/Training_Images/10.jpg",
        "size": {
            "width": 600,
            "height": 600
        },
        "state": 2,
        "type": 1
    },
    "regions": [
        {
            "id": "I4eQ__kQL",
            "type": "RECTANGLE",
            "tags": [
                "No Pose"
            ],
            "boundingBox": {
                "height": 552.8312666113499,
                "width": 238.80317535060553,
                "left": 192.92917910025753,
                "top": 20.35711751483331
            },
            "points": [
                {
                    "x": 192.92917910025753,
                    "y": 20.35711751483331
                },
                {
                    "x": 431.73235445086306,
                    "y": 20.35711751483331
                },
                {
                    "x": 431.73235445086306,
                    "y": 573.1883841261832
                },
                {
                    "x": 192.92917910025753,
                    "y": 573.1883841261832
                }
            ]
        }
    ],
    "version": "2.2.0"
}