{
    "asset": {
        "format": "jpg",
        "id": "92bfc561baa04bcc377f29b992d57383",
        "name": "3_flipped.jpg",
        "path": "file:/Users/manju_br/Desktop/final_258/TrainYourOwnYOLO-master/Data/Source_Images/Training_Images/3_flipped.jpg",
        "size": {
            "width": 2048,
            "height": 2048
        },
        "state": 2,
        "type": 1
    },
    "regions": [
        {
            "id": "Iv0DNgU9X",
            "type": "RECTANGLE",
            "tags": [
                "Tree Pose"
            ],
            "boundingBox": {
                "height": 1677.046144209354,
                "width": 790.7839643652561,
                "left": 523.0807349665924,
                "top": 141.99728563474386
            },
            "points": [
                {
                    "x": 523.0807349665924,
                    "y": 141.99728563474386
                },
                {
                    "x": 1313.8646993318484,
                    "y": 141.99728563474386
                },
                {
                    "x": 1313.8646993318484,
                    "y": 1819.043429844098
                },
                {
                    "x": 523.0807349665924,
                    "y": 1819.043429844098
                }
            ]
        }
    ],
    "version": "2.2.0"
}