{
    "asset": {
        "format": "png",
        "id": "948d0e541ede0d67fa53f044bb9a5a51",
        "name": "11.png",
        "path": "file:/Users/manju_br/Desktop/final_258/TrainYourOwnYOLO-master/Data/Source_Images/Training_Images/11.png",
        "size": {
            "width": 224,
            "height": 280
        },
        "state": 2,
        "type": 1
    },
    "regions": [
        {
            "id": "IHTA_4yXp",
            "type": "RECTANGLE",
            "tags": [
                "No Pose"
            ],
            "boundingBox": {
                "height": 269.08119796379106,
                "width": 97.02465072249304,
                "left": 72.33975670264624,
                "top": 6.026615406197801
            },
            "points": [
                {
                    "x": 72.33975670264624,
                    "y": 6.026615406197801
                },
                {
                    "x": 169.3644074251393,
                    "y": 6.026615406197801
                },
                {
                    "x": 169.3644074251393,
                    "y": 275.1078133699889
                },
                {
                    "x": 72.33975670264624,
                    "y": 275.1078133699889
                }
            ]
        }
    ],
    "version": "2.2.0"
}