{
    "asset": {
        "format": "jpg",
        "id": "a0b68d65c7722ca25d93d009b5faa353",
        "name": "13_flipped.jpg",
        "path": "file:/Users/manju_br/Desktop/final_258/TrainYourOwnYOLO-master/Data/Source_Images/Training_Images/13_flipped.jpg",
        "size": {
            "width": 650,
            "height": 433
        },
        "state": 2,
        "type": 1
    },
    "regions": [
        {
            "id": "BQ9E4PnZ8",
            "type": "RECTANGLE",
            "tags": [
                "No Pose"
            ],
            "boundingBox": {
                "height": 267.0863257325306,
                "width": 111.19746992071587,
                "left": 199.83085836076594,
                "top": 96.9825126800877
            },
            "points": [
                {
                    "x": 199.83085836076594,
                    "y": 96.9825126800877
                },
                {
                    "x": 311.02832828148183,
                    "y": 96.9825126800877
                },
                {
                    "x": 311.02832828148183,
                    "y": 364.06883841261833
                },
                {
                    "x": 199.83085836076594,
                    "y": 364.06883841261833
                }
            ]
        }
    ],
    "version": "2.2.0"
}