{
    "asset": {
        "format": "jpg",
        "id": "a264fbd53e5dc3e46d3365bbdabe825b",
        "name": "12.jpg",
        "path": "file:/Users/manju_br/Desktop/final_258/TrainYourOwnYOLO-master/Data/Source_Images/Training_Images/12.jpg",
        "size": {
            "width": 1200,
            "height": 1400
        },
        "state": 2,
        "type": 1
    },
    "regions": [
        {
            "id": "d1NA6_uK2",
            "type": "RECTANGLE",
            "tags": [
                "No Pose"
            ],
            "boundingBox": {
                "height": 1343.5195175204883,
                "width": 639.3596857244319,
                "left": 281.6726169338474,
                "top": 31.50476060625174
            },
            "points": [
                {
                    "x": 281.6726169338474,
                    "y": 31.50476060625174
                },
                {
                    "x": 921.0323026582793,
                    "y": 31.50476060625174
                },
                {
                    "x": 921.0323026582793,
                    "y": 1375.02427812674
                },
                {
                    "x": 281.6726169338474,
                    "y": 1375.02427812674
                }
            ]
        }
    ],
    "version": "2.2.0"
}