{
    "asset": {
        "format": "jpg",
        "id": "aa4119f69fb91cf754f669cd55672bb4",
        "name": "6.jpg",
        "path": "file:/Users/manju_br/Desktop/final_258/TrainYourOwnYOLO-master/Data/Source_Images/Training_Images/6.jpg",
        "size": {
            "width": 400,
            "height": 600
        },
        "state": 2,
        "type": 1
    },
    "regions": [
        {
            "id": "HOohOXdEw",
            "type": "RECTANGLE",
            "tags": [
                "Tree Pose"
            ],
            "boundingBox": {
                "height": 531.6962465146071,
                "width": 253.14301505112687,
                "left": 126.01332624686978,
                "top": 29.273171201846118
            },
            "points": [
                {
                    "x": 126.01332624686978,
                    "y": 29.273171201846118
                },
                {
                    "x": 379.1563412979967,
                    "y": 29.273171201846118
                },
                {
                    "x": 379.1563412979967,
                    "y": 560.9694177164532
                },
                {
                    "x": 126.01332624686978,
                    "y": 560.9694177164532
                }
            ]
        }
    ],
    "version": "2.2.0"
}