{
    "asset": {
        "format": "jpg",
        "id": "b2c6e17b81c56b5d5c3b1050c04e8378",
        "name": "6_flipped.jpg",
        "path": "file:/Users/manju_br/Desktop/final_258/TrainYourOwnYOLO-master/Data/Source_Images/Training_Images/6_flipped.jpg",
        "size": {
            "width": 400,
            "height": 600
        },
        "state": 2,
        "type": 1
    },
    "regions": [
        {
            "id": "7wpjx_uYC",
            "type": "RECTANGLE",
            "tags": [
                "Tree Pose"
            ],
            "boundingBox": {
                "height": 546.7048084284521,
                "width": 225.66191047579298,
                "left": 40.47419527337229,
                "top": 19.56390176955735
            },
            "points": [
                {
                    "x": 40.47419527337229,
                    "y": 19.56390176955735
                },
                {
                    "x": 266.13610574916527,
                    "y": 19.56390176955735
                },
                {
                    "x": 266.13610574916527,
                    "y": 566.2687101980094
                },
                {
                    "x": 40.47419527337229,
                    "y": 566.2687101980094
                }
            ]
        }
    ],
    "version": "2.2.0"
}