{
    "asset": {
        "format": "jpg",
        "id": "c1967ed558d61ce33351778337b6cc9c",
        "name": "4_flipped.jpg",
        "path": "file:/Users/manju_br/Desktop/final_258/TrainYourOwnYOLO-master/Data/Source_Images/Training_Images/4_flipped.jpg",
        "size": {
            "width": 318,
            "height": 188
        },
        "state": 2,
        "type": 1
    },
    "regions": [
        {
            "id": "2EfgzUW9r",
            "type": "RECTANGLE",
            "tags": [
                "Tree Pose"
            ],
            "boundingBox": {
                "height": 186.54131532131586,
                "width": 76.76956068730988,
                "left": 119.06256400589395,
                "top": 1.458684678684149
            },
            "points": [
                {
                    "x": 119.06256400589395,
                    "y": 1.458684678684149
                },
                {
                    "x": 195.8321246932038,
                    "y": 1.458684678684149
                },
                {
                    "x": 195.8321246932038,
                    "y": 188
                },
                {
                    "x": 119.06256400589395,
                    "y": 188
                }
            ]
        }
    ],
    "version": "2.2.0"
}