{
    "asset": {
        "format": "jpg",
        "id": "c249dc5ab3c9f9a1ba37bca1183ae6b7",
        "name": "3.jpg",
        "path": "file:/Users/manju_br/Desktop/final_258/TrainYourOwnYOLO-master/Data/Source_Images/Training_Images/3.jpg",
        "size": {
            "width": 2048,
            "height": 2048
        },
        "state": 2,
        "type": 1
    },
    "regions": [
        {
            "id": "CZE6cQInJ",
            "type": "RECTANGLE",
            "tags": [
                "Tree Pose"
            ],
            "boundingBox": {
                "height": 1667.4393095768373,
                "width": 860.2129732739421,
                "left": 758.3557906458797,
                "top": 163.20267260579064
            },
            "points": [
                {
                    "x": 758.3557906458797,
                    "y": 163.20267260579064
                },
                {
                    "x": 1618.5687639198218,
                    "y": 163.20267260579064
                },
                {
                    "x": 1618.5687639198218,
                    "y": 1830.641982182628
                },
                {
                    "x": 758.3557906458797,
                    "y": 1830.641982182628
                }
            ]
        }
    ],
    "version": "2.2.0"
}