{
    "asset": {
        "format": "jpg",
        "id": "d69d60082c26d9fd22c90f2093066b98",
        "name": "2.jpg",
        "path": "file:/Users/manju_br/Desktop/final_258/TrainYourOwnYOLO-master/Data/Source_Images/Training_Images/2.jpg",
        "size": {
            "width": 1600,
            "height": 1067
        },
        "state": 2,
        "type": 1
    },
    "regions": [
        {
            "id": "VBoQVPytI",
            "type": "RECTANGLE",
            "tags": [
                "Tree Pose"
            ],
            "boundingBox": {
                "height": 998.1032706007926,
                "width": 599.615682419265,
                "left": 674.0535246148849,
                "top": 46.13999133545465
            },
            "points": [
                {
                    "x": 674.0535246148849,
                    "y": 46.13999133545465
                },
                {
                    "x": 1273.6692070341498,
                    "y": 46.13999133545465
                },
                {
                    "x": 1273.6692070341498,
                    "y": 1044.243261936247
                },
                {
                    "x": 674.0535246148849,
                    "y": 1044.243261936247
                }
            ]
        }
    ],
    "version": "2.2.0"
}