{
    "asset": {
        "format": "jpg",
        "id": "e819345123ccdf0409bd556fe2605441",
        "name": "14.jpg",
        "path": "file:/Users/manju_br/Desktop/final_258/TrainYourOwnYOLO-master/Data/Source_Images/Training_Images/14.jpg",
        "size": {
            "width": 640,
            "height": 480
        },
        "state": 2,
        "type": 1
    },
    "regions": [
        {
            "id": "UEguxdlCa",
            "type": "RECTANGLE",
            "tags": [
                "No Pose"
            ],
            "boundingBox": {
                "height": 411.2778505185134,
                "width": 207.94965930451127,
                "left": 225.26201571637426,
                "top": 33.10197791968263
            },
            "points": [
                {
                    "x": 225.26201571637426,
                    "y": 33.10197791968263
                },
                {
                    "x": 433.21167502088554,
                    "y": 33.10197791968263
                },
                {
                    "x": 433.21167502088554,
                    "y": 444.37982843819606
                },
                {
                    "x": 225.26201571637426,
                    "y": 444.37982843819606
                }
            ]
        }
    ],
    "version": "2.2.0"
}