{
    "asset": {
        "format": "jpg",
        "id": "ecbcc58158158b597904fa4ddd1c7e65",
        "name": "5.jpg",
        "path": "file:/Users/manju_br/Desktop/final_258/TrainYourOwnYOLO-master/Data/Source_Images/Training_Images/5.jpg",
        "size": {
            "width": 1200,
            "height": 600
        },
        "state": 2,
        "type": 1
    },
    "regions": [
        {
            "id": "yW-eVNJg-",
            "type": "RECTANGLE",
            "tags": [
                "Tree Pose"
            ],
            "boundingBox": {
                "height": 572.3634297868847,
                "width": 266.07568791482305,
                "left": 477.6440645741151,
                "top": 10.618186207999171
            },
            "points": [
                {
                    "x": 477.6440645741151,
                    "y": 10.618186207999171
                },
                {
                    "x": 743.7197524889381,
                    "y": 10.618186207999171
                },
                {
                    "x": 743.7197524889381,
                    "y": 582.9816159948839
                },
                {
                    "x": 477.6440645741151,
                    "y": 582.9816159948839
                }
            ]
        }
    ],
    "version": "2.2.0"
}