{
    "asset": {
        "format": "jpg",
        "id": "f5c719e183f95f69f3228a5bd6993f73",
        "name": "13.jpg",
        "path": "file:/Users/manju_br/Desktop/final_258/TrainYourOwnYOLO-master/Data/Source_Images/Training_Images/13.jpg",
        "size": {
            "width": 650,
            "height": 433
        },
        "state": 2,
        "type": 1
    },
    "regions": [
        {
            "id": "npdnUqUZe",
            "type": "RECTANGLE",
            "tags": [
                "No Pose"
            ],
            "boundingBox": {
                "height": 258.35655110450523,
                "width": 132.59735333813404,
                "left": 332.49672683127204,
                "top": 104.57478482048867
            },
            "points": [
                {
                    "x": 332.49672683127204,
                    "y": 104.57478482048867
                },
                {
                    "x": 465.0940801694061,
                    "y": 104.57478482048867
                },
                {
                    "x": 465.0940801694061,
                    "y": 362.9313359249939
                },
                {
                    "x": 332.49672683127204,
                    "y": 362.9313359249939
                }
            ]
        }
    ],
    "version": "2.2.0"
}