{
    "asset": {
        "format": "jpg",
        "id": "f7c0ed5eeb2abae4cf684e8f3fc2b2a2",
        "name": "14_flipped.jpg",
        "path": "file:/Users/manju_br/Desktop/final_258/TrainYourOwnYOLO-master/Data/Source_Images/Training_Images/14_flipped.jpg",
        "size": {
            "width": 640,
            "height": 480
        },
        "state": 2,
        "type": 1
    },
    "regions": [
        {
            "id": "2U71JhGTr",
            "type": "RECTANGLE",
            "tags": [
                "No Pose"
            ],
            "boundingBox": {
                "height": 410.9214840487542,
                "width": 188.13740079365078,
                "left": 215.78568817878028,
                "top": 30.084799445817097
            },
            "points": [
                {
                    "x": 215.78568817878028,
                    "y": 30.084799445817097
                },
                {
                    "x": 403.92308897243106,
                    "y": 30.084799445817097
                },
                {
                    "x": 403.92308897243106,
                    "y": 441.00628349457133
                },
                {
                    "x": 215.78568817878028,
                    "y": 441.00628349457133
                }
            ]
        }
    ],
    "version": "2.2.0"
}