{
    "name": "Yoga Poses",
    "securityToken": "Poses",
    "videoSettings": {
        "frameExtractionRate": 14
    },
    "tags": [
        {
            "name": "Tree Pose",
            "color": "#5db300"
        },
        {
            "name": "No Pose",
            "color": "#e81123"
        }
    ],
    "id": "C9Xk3FgJI",
    "activeLearningSettings": {
        "autoDetect": false,
        "predictTag": true,
        "modelPathType": "coco"
    },
    "version": "2.2.0",
    "lastVisitedAssetId": "77f0cee520b9b15b5f2aa0db8a154f9d",
    "assets": {
        "77f0cee520b9b15b5f2aa0db8a154f9d": {
            "asset": {
                "format": "jpg",
                "id": "77f0cee520b9b15b5f2aa0db8a154f9d",
                "name": "9_flipped.jpg",
                "path": "file:/Users/manju_br/Desktop/final_258/TrainYourOwnYOLO-master/Data/Source_Images/Training_Images/9_flipped.jpg",
                "size": {
                    "width": 800,
                    "height": 800
                },
                "state": 2,
                "type": 1
            },
            "regions": [
                {
                    "id": "f6u_PosZR",
                    "type": "RECTANGLE",
                    "tags": [
                        "No Pose"
                    ],
                    "boundingBox": {
                        "height": 721.8640435777422,
                        "width": 304.24299006472717,
                        "left": 247.5347234305401,
                        "top": 44.63040154336025
                    },
                    "points": [
                        {
                            "x": 247.5347234305401,
                            "y": 44.63040154336025
                        },
                        {
                            "x": 551.7777134952673,
                            "y": 44.63040154336025
                        },
                        {
                            "x": 551.7777134952673,
                            "y": 766.4944451211024
                        },
                        {
                            "x": 247.5347234305401,
                            "y": 766.4944451211024
                        }
                    ]
                }
            ],
            "version": "2.2.0"
        },
        "4b46ec30ac0f04ac8ed8500557b6cccb": {
            "asset": {
                "format": "jpg",
                "id": "4b46ec30ac0f04ac8ed8500557b6cccb",
                "name": "9.jpg",
                "path": "file:/Users/manju_br/Desktop/final_258/TrainYourOwnYOLO-master/Data/Source_Images/Training_Images/9.jpg",
                "size": {
                    "width": 800,
                    "height": 800
                },
                "state": 2,
                "type": 1
            },
            "regions": [
                {
                    "id": "F210_5Avg",
                    "type": "RECTANGLE",
                    "tags": [
                        "No Pose"
                    ],
                    "boundingBox": {
                        "height": 722.2203991726407,
                        "width": 295.10881385718267,
                        "left": 262.0758804287305,
                        "top": 35.30832133473692
                    },
                    "points": [
                        {
                            "x": 262.0758804287305,
                            "y": 35.30832133473692
                        },
                        {
                            "x": 557.1846942859132,
                            "y": 35.30832133473692
                        },
                        {
                            "x": 557.1846942859132,
                            "y": 757.5287205073776
                        },
                        {
                            "x": 262.0758804287305,
                            "y": 757.5287205073776
                        }
                    ]
                }
            ],
            "version": "2.2.0"
        },
        "20437a997ff1b31fc64847e29cf293d6": {
            "asset": {
                "format": "jpg",
                "id": "20437a997ff1b31fc64847e29cf293d6",
                "name": "7_flipped.jpg",
                "path": "file:/Users/manju_br/Desktop/final_258/TrainYourOwnYOLO-master/Data/Source_Images/Training_Images/7_flipped.jpg",
                "size": {
                    "width": 1000,
                    "height": 562
                },
                "state": 2,
                "type": 1
            },
            "regions": [
                {
                    "id": "ovsWl5YiH",
                    "type": "RECTANGLE",
                    "tags": [
                        "Tree Pose"
                    ],
                    "boundingBox": {
                        "height": 535.852956176117,
                        "width": 253.6306915733315,
                        "left": 357.69554295722713,
                        "top": 16.309641800527498
                    },
                    "points": [
                        {
                            "x": 357.69554295722713,
                            "y": 16.309641800527498
                        },
                        {
                            "x": 611.3262345305586,
                            "y": 16.309641800527498
                        },
                        {
                            "x": 611.3262345305586,
                            "y": 552.1625979766445
                        },
                        {
                            "x": 357.69554295722713,
                            "y": 552.1625979766445
                        }
                    ]
                }
            ],
            "version": "2.2.0"
        },
        "3b4026bf1a9b377affee62a5e50bd1bb": {
            "asset": {
                "format": "jpg",
                "id": "3b4026bf1a9b377affee62a5e50bd1bb",
                "name": "7.jpg",
                "path": "file:/Users/manju_br/Desktop/final_258/TrainYourOwnYOLO-master/Data/Source_Images/Training_Images/7.jpg",
                "size": {
                    "width": 1000,
                    "height": 562
                },
                "state": 2,
                "type": 1
            },
            "regions": [
                {
                    "id": "2vE8ISU4X",
                    "type": "RECTANGLE",
                    "tags": [
                        "Tree Pose"
                    ],
                    "boundingBox": {
                        "height": 520.6820472056471,
                        "width": 256.85160138965705,
                        "left": 399.09952439389747,
                        "top": 25.728974269756804
                    },
                    "points": [
                        {
                            "x": 399.09952439389747,
                            "y": 25.728974269756804
                        },
                        {
                            "x": 655.9511257835545,
                            "y": 25.728974269756804
                        },
                        {
                            "x": 655.9511257835545,
                            "y": 546.4110214754039
                        },
                        {
                            "x": 399.09952439389747,
                            "y": 546.4110214754039
                        }
                    ]
                }
            ],
            "version": "2.2.0"
        },
        "b2c6e17b81c56b5d5c3b1050c04e8378": {
            "asset": {
                "format": "jpg",
                "id": "b2c6e17b81c56b5d5c3b1050c04e8378",
                "name": "6_flipped.jpg",
                "path": "file:/Users/manju_br/Desktop/final_258/TrainYourOwnYOLO-master/Data/Source_Images/Training_Images/6_flipped.jpg",
                "size": {
                    "width": 400,
                    "height": 600
                },
                "state": 2,
                "type": 1
            },
            "regions": [
                {
                    "id": "7wpjx_uYC",
                    "type": "RECTANGLE",
                    "tags": [
                        "Tree Pose"
                    ],
                    "boundingBox": {
                        "height": 546.7048084284521,
                        "width": 225.66191047579298,
                        "left": 40.47419527337229,
                        "top": 19.56390176955735
                    },
                    "points": [
                        {
                            "x": 40.47419527337229,
                            "y": 19.56390176955735
                        },
                        {
                            "x": 266.13610574916527,
                            "y": 19.56390176955735
                        },
                        {
                            "x": 266.13610574916527,
                            "y": 566.2687101980094
                        },
                        {
                            "x": 40.47419527337229,
                            "y": 566.2687101980094
                        }
                    ]
                }
            ],
            "version": "2.2.0"
        },
        "aa4119f69fb91cf754f669cd55672bb4": {
            "asset": {
                "format": "jpg",
                "id": "aa4119f69fb91cf754f669cd55672bb4",
                "name": "6.jpg",
                "path": "file:/Users/manju_br/Desktop/final_258/TrainYourOwnYOLO-master/Data/Source_Images/Training_Images/6.jpg",
                "size": {
                    "width": 400,
                    "height": 600
                },
                "state": 2,
                "type": 1
            },
            "regions": [
                {
                    "id": "HOohOXdEw",
                    "type": "RECTANGLE",
                    "tags": [
                        "Tree Pose"
                    ],
                    "boundingBox": {
                        "height": 531.6962465146071,
                        "width": 253.14301505112687,
                        "left": 126.01332624686978,
                        "top": 29.273171201846118
                    },
                    "points": [
                        {
                            "x": 126.01332624686978,
                            "y": 29.273171201846118
                        },
                        {
                            "x": 379.1563412979967,
                            "y": 29.273171201846118
                        },
                        {
                            "x": 379.1563412979967,
                            "y": 560.9694177164532
                        },
                        {
                            "x": 126.01332624686978,
                            "y": 560.9694177164532
                        }
                    ]
                }
            ],
            "version": "2.2.0"
        },
        "6e2f3ecc40f105b8298807ad9bb64217": {
            "asset": {
                "format": "jpg",
                "id": "6e2f3ecc40f105b8298807ad9bb64217",
                "name": "5_flipped.jpg",
                "path": "file:/Users/manju_br/Desktop/final_258/TrainYourOwnYOLO-master/Data/Source_Images/Training_Images/5_flipped.jpg",
                "size": {
                    "width": 1200,
                    "height": 600
                },
                "state": 2,
                "type": 1
            },
            "regions": [
                {
                    "id": "JFJnGWksR",
                    "type": "RECTANGLE",
                    "tags": [
                        "Tree Pose"
                    ],
                    "boundingBox": {
                        "height": 579.0645228023023,
                        "width": 275.6176973866151,
                        "left": 444.62544939159295,
                        "top": 9.160445221757467
                    },
                    "points": [
                        {
                            "x": 444.62544939159295,
                            "y": 9.160445221757467
                        },
                        {
                            "x": 720.243146778208,
                            "y": 9.160445221757467
                        },
                        {
                            "x": 720.243146778208,
                            "y": 588.2249680240598
                        },
                        {
                            "x": 444.62544939159295,
                            "y": 588.2249680240598
                        }
                    ]
                }
            ],
            "version": "2.2.0"
        },
        "ecbcc58158158b597904fa4ddd1c7e65": {
            "asset": {
                "format": "jpg",
                "id": "ecbcc58158158b597904fa4ddd1c7e65",
                "name": "5.jpg",
                "path": "file:/Users/manju_br/Desktop/final_258/TrainYourOwnYOLO-master/Data/Source_Images/Training_Images/5.jpg",
                "size": {
                    "width": 1200,
                    "height": 600
                },
                "state": 2,
                "type": 1
            },
            "regions": [
                {
                    "id": "yW-eVNJg-",
                    "type": "RECTANGLE",
                    "tags": [
                        "Tree Pose"
                    ],
                    "boundingBox": {
                        "height": 572.3634297868847,
                        "width": 266.07568791482305,
                        "left": 477.6440645741151,
                        "top": 10.618186207999171
                    },
                    "points": [
                        {
                            "x": 477.6440645741151,
                            "y": 10.618186207999171
                        },
                        {
                            "x": 743.7197524889381,
                            "y": 10.618186207999171
                        },
                        {
                            "x": 743.7197524889381,
                            "y": 582.9816159948839
                        },
                        {
                            "x": 477.6440645741151,
                            "y": 582.9816159948839
                        }
                    ]
                }
            ],
            "version": "2.2.0"
        },
        "c1967ed558d61ce33351778337b6cc9c": {
            "asset": {
                "format": "jpg",
                "id": "c1967ed558d61ce33351778337b6cc9c",
                "name": "4_flipped.jpg",
                "path": "file:/Users/manju_br/Desktop/final_258/TrainYourOwnYOLO-master/Data/Source_Images/Training_Images/4_flipped.jpg",
                "size": {
                    "width": 318,
                    "height": 188
                },
                "state": 2,
                "type": 1
            },
            "regions": [
                {
                    "id": "2EfgzUW9r",
                    "type": "RECTANGLE",
                    "tags": [
                        "Tree Pose"
                    ],
                    "boundingBox": {
                        "height": 186.54131532131586,
                        "width": 76.76956068730988,
                        "left": 119.06256400589395,
                        "top": 1.458684678684149
                    },
                    "points": [
                        {
                            "x": 119.06256400589395,
                            "y": 1.458684678684149
                        },
                        {
                            "x": 195.8321246932038,
                            "y": 1.458684678684149
                        },
                        {
                            "x": 195.8321246932038,
                            "y": 188
                        },
                        {
                            "x": 119.06256400589395,
                            "y": 188
                        }
                    ]
                }
            ],
            "version": "2.2.0"
        },
        "84237b1246da6e3cd888cd8584b6c9c8": {
            "asset": {
                "format": "jpg",
                "id": "84237b1246da6e3cd888cd8584b6c9c8",
                "name": "4.jpg",
                "path": "file:/Users/manju_br/Desktop/final_258/TrainYourOwnYOLO-master/Data/Source_Images/Training_Images/4.jpg",
                "size": {
                    "width": 318,
                    "height": 188
                },
                "state": 2,
                "type": 1
            },
            "regions": [
                {
                    "id": "y2mR3hX-n",
                    "type": "RECTANGLE",
                    "tags": [
                        "Tree Pose"
                    ],
                    "boundingBox": {
                        "height": 186.11918347137524,
                        "width": 84.38146594562363,
                        "left": 119.95980915981056,
                        "top": 1.503642398520301
                    },
                    "points": [
                        {
                            "x": 119.95980915981056,
                            "y": 1.503642398520301
                        },
                        {
                            "x": 204.34127510543422,
                            "y": 1.503642398520301
                        },
                        {
                            "x": 204.34127510543422,
                            "y": 187.62282586989556
                        },
                        {
                            "x": 119.95980915981056,
                            "y": 187.62282586989556
                        }
                    ]
                }
            ],
            "version": "2.2.0"
        },
        "92bfc561baa04bcc377f29b992d57383": {
            "asset": {
                "format": "jpg",
                "id": "92bfc561baa04bcc377f29b992d57383",
                "name": "3_flipped.jpg",
                "path": "file:/Users/manju_br/Desktop/final_258/TrainYourOwnYOLO-master/Data/Source_Images/Training_Images/3_flipped.jpg",
                "size": {
                    "width": 2048,
                    "height": 2048
                },
                "state": 2,
                "type": 1
            },
            "regions": [
                {
                    "id": "Iv0DNgU9X",
                    "type": "RECTANGLE",
                    "tags": [
                        "Tree Pose"
                    ],
                    "boundingBox": {
                        "height": 1677.046144209354,
                        "width": 790.7839643652561,
                        "left": 523.0807349665924,
                        "top": 141.99728563474386
                    },
                    "points": [
                        {
                            "x": 523.0807349665924,
                            "y": 141.99728563474386
                        },
                        {
                            "x": 1313.8646993318484,
                            "y": 141.99728563474386
                        },
                        {
                            "x": 1313.8646993318484,
                            "y": 1819.043429844098
                        },
                        {
                            "x": 523.0807349665924,
                            "y": 1819.043429844098
                        }
                    ]
                }
            ],
            "version": "2.2.0"
        },
        "c249dc5ab3c9f9a1ba37bca1183ae6b7": {
            "asset": {
                "format": "jpg",
                "id": "c249dc5ab3c9f9a1ba37bca1183ae6b7",
                "name": "3.jpg",
                "path": "file:/Users/manju_br/Desktop/final_258/TrainYourOwnYOLO-master/Data/Source_Images/Training_Images/3.jpg",
                "size": {
                    "width": 2048,
                    "height": 2048
                },
                "state": 2,
                "type": 1
            },
            "regions": [
                {
                    "id": "CZE6cQInJ",
                    "type": "RECTANGLE",
                    "tags": [
                        "Tree Pose"
                    ],
                    "boundingBox": {
                        "height": 1667.4393095768373,
                        "width": 860.2129732739421,
                        "left": 758.3557906458797,
                        "top": 163.20267260579064
                    },
                    "points": [
                        {
                            "x": 758.3557906458797,
                            "y": 163.20267260579064
                        },
                        {
                            "x": 1618.5687639198218,
                            "y": 163.20267260579064
                        },
                        {
                            "x": 1618.5687639198218,
                            "y": 1830.641982182628
                        },
                        {
                            "x": 758.3557906458797,
                            "y": 1830.641982182628
                        }
                    ]
                }
            ],
            "version": "2.2.0"
        },
        "0ece83aae8d3a80ee3759cefe0229c9e": {
            "asset": {
                "format": "jpg",
                "id": "0ece83aae8d3a80ee3759cefe0229c9e",
                "name": "2_flipped.jpg",
                "path": "file:/Users/manju_br/Desktop/final_258/TrainYourOwnYOLO-master/Data/Source_Images/Training_Images/2_flipped.jpg",
                "size": {
                    "width": 1600,
                    "height": 1067
                },
                "state": 2,
                "type": 1
            },
            "regions": [
                {
                    "id": "Sh-rMJBzW",
                    "type": "RECTANGLE",
                    "tags": [
                        "Tree Pose"
                    ],
                    "boundingBox": {
                        "height": 1011.1179473808986,
                        "width": 546.1128897550111,
                        "left": 384.70182581662954,
                        "top": 26.14031180400891
                    },
                    "points": [
                        {
                            "x": 384.70182581662954,
                            "y": 26.14031180400891
                        },
                        {
                            "x": 930.8147155716406,
                            "y": 26.14031180400891
                        },
                        {
                            "x": 930.8147155716406,
                            "y": 1037.2582591849075
                        },
                        {
                            "x": 384.70182581662954,
                            "y": 1037.2582591849075
                        }
                    ]
                }
            ],
            "version": "2.2.0"
        },
        "d69d60082c26d9fd22c90f2093066b98": {
            "asset": {
                "format": "jpg",
                "id": "d69d60082c26d9fd22c90f2093066b98",
                "name": "2.jpg",
                "path": "file:/Users/manju_br/Desktop/final_258/TrainYourOwnYOLO-master/Data/Source_Images/Training_Images/2.jpg",
                "size": {
                    "width": 1600,
                    "height": 1067
                },
                "state": 2,
                "type": 1
            },
            "regions": [
                {
                    "id": "VBoQVPytI",
                    "type": "RECTANGLE",
                    "tags": [
                        "Tree Pose"
                    ],
                    "boundingBox": {
                        "height": 998.1032706007926,
                        "width": 599.615682419265,
                        "left": 674.0535246148849,
                        "top": 46.13999133545465
                    },
                    "points": [
                        {
                            "x": 674.0535246148849,
                            "y": 46.13999133545465
                        },
                        {
                            "x": 1273.6692070341498,
                            "y": 46.13999133545465
                        },
                        {
                            "x": 1273.6692070341498,
                            "y": 1044.243261936247
                        },
                        {
                            "x": 674.0535246148849,
                            "y": 1044.243261936247
                        }
                    ]
                }
            ],
            "version": "2.2.0"
        },
        "0d620043d273929d061a85740ac2ed07": {
            "asset": {
                "format": "jpg",
                "id": "0d620043d273929d061a85740ac2ed07",
                "name": "1_flipped.jpg",
                "path": "file:/Users/manju_br/Desktop/final_258/TrainYourOwnYOLO-master/Data/Source_Images/Training_Images/1_flipped.jpg",
                "size": {
                    "width": 1000,
                    "height": 562
                },
                "state": 2,
                "type": 1
            },
            "regions": [
                {
                    "id": "x5mHllRmp",
                    "type": "RECTANGLE",
                    "tags": [
                        "Tree Pose"
                    ],
                    "boundingBox": {
                        "height": 513.3925860547644,
                        "width": 284.72868882800975,
                        "left": 386.1333796408324,
                        "top": 32.49697667720124
                    },
                    "points": [
                        {
                            "x": 386.1333796408324,
                            "y": 32.49697667720124
                        },
                        {
                            "x": 670.8620684688422,
                            "y": 32.49697667720124
                        },
                        {
                            "x": 670.8620684688422,
                            "y": 545.8895627319656
                        },
                        {
                            "x": 386.1333796408324,
                            "y": 545.8895627319656
                        }
                    ]
                }
            ],
            "version": "2.2.0"
        },
        "f7c0ed5eeb2abae4cf684e8f3fc2b2a2": {
            "asset": {
                "format": "jpg",
                "id": "f7c0ed5eeb2abae4cf684e8f3fc2b2a2",
                "name": "14_flipped.jpg",
                "path": "file:/Users/manju_br/Desktop/final_258/TrainYourOwnYOLO-master/Data/Source_Images/Training_Images/14_flipped.jpg",
                "size": {
                    "width": 640,
                    "height": 480
                },
                "state": 2,
                "type": 1
            },
            "regions": [
                {
                    "id": "2U71JhGTr",
                    "type": "RECTANGLE",
                    "tags": [
                        "No Pose"
                    ],
                    "boundingBox": {
                        "height": 410.9214840487542,
                        "width": 188.13740079365078,
                        "left": 215.78568817878028,
                        "top": 30.084799445817097
                    },
                    "points": [
                        {
                            "x": 215.78568817878028,
                            "y": 30.084799445817097
                        },
                        {
                            "x": 403.92308897243106,
                            "y": 30.084799445817097
                        },
                        {
                            "x": 403.92308897243106,
                            "y": 441.00628349457133
                        },
                        {
                            "x": 215.78568817878028,
                            "y": 441.00628349457133
                        }
                    ]
                }
            ],
            "version": "2.2.0"
        },
        "e819345123ccdf0409bd556fe2605441": {
            "asset": {
                "format": "jpg",
                "id": "e819345123ccdf0409bd556fe2605441",
                "name": "14.jpg",
                "path": "file:/Users/manju_br/Desktop/final_258/TrainYourOwnYOLO-master/Data/Source_Images/Training_Images/14.jpg",
                "size": {
                    "width": 640,
                    "height": 480
                },
                "state": 2,
                "type": 1
            },
            "regions": [
                {
                    "id": "UEguxdlCa",
                    "type": "RECTANGLE",
                    "tags": [
                        "No Pose"
                    ],
                    "boundingBox": {
                        "height": 411.2778505185134,
                        "width": 207.94965930451127,
                        "left": 225.26201571637426,
                        "top": 33.10197791968263
                    },
                    "points": [
                        {
                            "x": 225.26201571637426,
                            "y": 33.10197791968263
                        },
                        {
                            "x": 433.21167502088554,
                            "y": 33.10197791968263
                        },
                        {
                            "x": 433.21167502088554,
                            "y": 444.37982843819606
                        },
                        {
                            "x": 225.26201571637426,
                            "y": 444.37982843819606
                        }
                    ]
                }
            ],
            "version": "2.2.0"
        },
        "a0b68d65c7722ca25d93d009b5faa353": {
            "asset": {
                "format": "jpg",
                "id": "a0b68d65c7722ca25d93d009b5faa353",
                "name": "13_flipped.jpg",
                "path": "file:/Users/manju_br/Desktop/final_258/TrainYourOwnYOLO-master/Data/Source_Images/Training_Images/13_flipped.jpg",
                "size": {
                    "width": 650,
                    "height": 433
                },
                "state": 2,
                "type": 1
            },
            "regions": [
                {
                    "id": "BQ9E4PnZ8",
                    "type": "RECTANGLE",
                    "tags": [
                        "No Pose"
                    ],
                    "boundingBox": {
                        "height": 267.0863257325306,
                        "width": 111.19746992071587,
                        "left": 199.83085836076594,
                        "top": 96.9825126800877
                    },
                    "points": [
                        {
                            "x": 199.83085836076594,
                            "y": 96.9825126800877
                        },
                        {
                            "x": 311.02832828148183,
                            "y": 96.9825126800877
                        },
                        {
                            "x": 311.02832828148183,
                            "y": 364.06883841261833
                        },
                        {
                            "x": 199.83085836076594,
                            "y": 364.06883841261833
                        }
                    ]
                }
            ],
            "version": "2.2.0"
        },
        "f5c719e183f95f69f3228a5bd6993f73": {
            "asset": {
                "format": "jpg",
                "id": "f5c719e183f95f69f3228a5bd6993f73",
                "name": "13.jpg",
                "path": "file:/Users/manju_br/Desktop/final_258/TrainYourOwnYOLO-master/Data/Source_Images/Training_Images/13.jpg",
                "size": {
                    "width": 650,
                    "height": 433
                },
                "state": 2,
                "type": 1
            },
            "regions": [
                {
                    "id": "npdnUqUZe",
                    "type": "RECTANGLE",
                    "tags": [
                        "No Pose"
                    ],
                    "boundingBox": {
                        "height": 258.35655110450523,
                        "width": 132.59735333813404,
                        "left": 332.49672683127204,
                        "top": 104.57478482048867
                    },
                    "points": [
                        {
                            "x": 332.49672683127204,
                            "y": 104.57478482048867
                        },
                        {
                            "x": 465.0940801694061,
                            "y": 104.57478482048867
                        },
                        {
                            "x": 465.0940801694061,
                            "y": 362.9313359249939
                        },
                        {
                            "x": 332.49672683127204,
                            "y": 362.9313359249939
                        }
                    ]
                }
            ],
            "version": "2.2.0"
        },
        "234fad2eaa642484e98533fe8991a616": {
            "asset": {
                "format": "jpg",
                "id": "234fad2eaa642484e98533fe8991a616",
                "name": "12_flipped.jpg",
                "path": "file:/Users/manju_br/Desktop/final_258/TrainYourOwnYOLO-master/Data/Source_Images/Training_Images/12_flipped.jpg",
                "size": {
                    "width": 1200,
                    "height": 1400
                },
                "state": 2,
                "type": 1
            },
            "regions": [
                {
                    "id": "6U8zrLLHP",
                    "type": "RECTANGLE",
                    "tags": [
                        "No Pose"
                    ],
                    "boundingBox": {
                        "height": 1354.0925023815946,
                        "width": 772.210645799513,
                        "left": 204.74064021915586,
                        "top": 17.75892635761762
                    },
                    "points": [
                        {
                            "x": 204.74064021915586,
                            "y": 17.75892635761762
                        },
                        {
                            "x": 976.9512860186688,
                            "y": 17.75892635761762
                        },
                        {
                            "x": 976.9512860186688,
                            "y": 1371.8514287392122
                        },
                        {
                            "x": 204.74064021915586,
                            "y": 1371.8514287392122
                        }
                    ]
                }
            ],
            "version": "2.2.0"
        },
        "a264fbd53e5dc3e46d3365bbdabe825b": {
            "asset": {
                "format": "jpg",
                "id": "a264fbd53e5dc3e46d3365bbdabe825b",
                "name": "12.jpg",
                "path": "file:/Users/manju_br/Desktop/final_258/TrainYourOwnYOLO-master/Data/Source_Images/Training_Images/12.jpg",
                "size": {
                    "width": 1200,
                    "height": 1400
                },
                "state": 2,
                "type": 1
            },
            "regions": [
                {
                    "id": "d1NA6_uK2",
                    "type": "RECTANGLE",
                    "tags": [
                        "No Pose"
                    ],
                    "boundingBox": {
                        "height": 1343.5195175204883,
                        "width": 639.3596857244319,
                        "left": 281.6726169338474,
                        "top": 31.50476060625174
                    },
                    "points": [
                        {
                            "x": 281.6726169338474,
                            "y": 31.50476060625174
                        },
                        {
                            "x": 921.0323026582793,
                            "y": 31.50476060625174
                        },
                        {
                            "x": 921.0323026582793,
                            "y": 1375.02427812674
                        },
                        {
                            "x": 281.6726169338474,
                            "y": 1375.02427812674
                        }
                    ]
                }
            ],
            "version": "2.2.0"
        },
        "5421b97785a1f5328cd3ad7228188798": {
            "asset": {
                "format": "png",
                "id": "5421b97785a1f5328cd3ad7228188798",
                "name": "11_flipped.png",
                "path": "file:/Users/manju_br/Desktop/final_258/TrainYourOwnYOLO-master/Data/Source_Images/Training_Images/11_flipped.png",
                "size": {
                    "width": 224,
                    "height": 280
                },
                "state": 2,
                "type": 1
            },
            "regions": [
                {
                    "id": "IDInHsXwQ",
                    "type": "RECTANGLE",
                    "tags": [
                        "No Pose"
                    ],
                    "boundingBox": {
                        "height": 264.07979238803244,
                        "width": 121.35141016713092,
                        "left": 53.212156162952645,
                        "top": 11.55059338677965
                    },
                    "points": [
                        {
                            "x": 53.212156162952645,
                            "y": 11.55059338677965
                        },
                        {
                            "x": 174.56356633008357,
                            "y": 11.55059338677965
                        },
                        {
                            "x": 174.56356633008357,
                            "y": 275.6303857748121
                        },
                        {
                            "x": 53.212156162952645,
                            "y": 275.6303857748121
                        }
                    ]
                }
            ],
            "version": "2.2.0"
        },
        "948d0e541ede0d67fa53f044bb9a5a51": {
            "asset": {
                "format": "png",
                "id": "948d0e541ede0d67fa53f044bb9a5a51",
                "name": "11.png",
                "path": "file:/Users/manju_br/Desktop/final_258/TrainYourOwnYOLO-master/Data/Source_Images/Training_Images/11.png",
                "size": {
                    "width": 224,
                    "height": 280
                },
                "state": 2,
                "type": 1
            },
            "regions": [
                {
                    "id": "IHTA_4yXp",
                    "type": "RECTANGLE",
                    "tags": [
                        "No Pose"
                    ],
                    "boundingBox": {
                        "height": 269.08119796379106,
                        "width": 97.02465072249304,
                        "left": 72.33975670264624,
                        "top": 6.026615406197801
                    },
                    "points": [
                        {
                            "x": 72.33975670264624,
                            "y": 6.026615406197801
                        },
                        {
                            "x": 169.3644074251393,
                            "y": 6.026615406197801
                        },
                        {
                            "x": 169.3644074251393,
                            "y": 275.1078133699889
                        },
                        {
                            "x": 72.33975670264624,
                            "y": 275.1078133699889
                        }
                    ]
                }
            ],
            "version": "2.2.0"
        },
        "343444e7064daf561cecbea3c0665ca2": {
            "asset": {
                "format": "jpg",
                "id": "343444e7064daf561cecbea3c0665ca2",
                "name": "10_flipped.jpg",
                "path": "file:/Users/manju_br/Desktop/final_258/TrainYourOwnYOLO-master/Data/Source_Images/Training_Images/10_flipped.jpg",
                "size": {
                    "width": 600,
                    "height": 600
                },
                "state": 2,
                "type": 1
            },
            "regions": [
                {
                    "id": "BtIACTVrQ",
                    "type": "RECTANGLE",
                    "tags": [
                        "No Pose"
                    ],
                    "boundingBox": {
                        "height": 536.9832130211233,
                        "width": 239.9462999373608,
                        "left": 176.67157485384186,
                        "top": 29.25360664758491
                    },
                    "points": [
                        {
                            "x": 176.67157485384186,
                            "y": 29.25360664758491
                        },
                        {
                            "x": 416.61787479120267,
                            "y": 29.25360664758491
                        },
                        {
                            "x": 416.61787479120267,
                            "y": 566.2368196687082
                        },
                        {
                            "x": 176.67157485384186,
                            "y": 566.2368196687082
                        }
                    ]
                }
            ],
            "version": "2.2.0"
        },
        "8d27dc1ab9c994d7a724809f6d6c861d": {
            "asset": {
                "format": "jpg",
                "id": "8d27dc1ab9c994d7a724809f6d6c861d",
                "name": "10.jpg",
                "path": "file:/Users/manju_br/Desktop/final_258/TrainYourOwnYOLO-master/Data/Source_Images/Training_Images/10.jpg",
                "size": {
                    "width": 600,
                    "height": 600
                },
                "state": 2,
                "type": 1
            },
            "regions": [
                {
                    "id": "I4eQ__kQL",
                    "type": "RECTANGLE",
                    "tags": [
                        "No Pose"
                    ],
                    "boundingBox": {
                        "height": 552.8312666113499,
                        "width": 238.80317535060553,
                        "left": 192.92917910025753,
                        "top": 20.35711751483331
                    },
                    "points": [
                        {
                            "x": 192.92917910025753,
                            "y": 20.35711751483331
                        },
                        {
                            "x": 431.73235445086306,
                            "y": 20.35711751483331
                        },
                        {
                            "x": 431.73235445086306,
                            "y": 573.1883841261832
                        },
                        {
                            "x": 192.92917910025753,
                            "y": 573.1883841261832
                        }
                    ]
                }
            ],
            "version": "2.2.0"
        },
        "59614c5c105e7c296d05001c523861ad": {
            "asset": {
                "format": "jpg",
                "id": "59614c5c105e7c296d05001c523861ad",
                "name": "1.jpg",
                "path": "file:/Users/manju_br/Desktop/final_258/TrainYourOwnYOLO-master/Data/Source_Images/Training_Images/1.jpg",
                "size": {
                    "width": 1000,
                    "height": 562
                },
                "state": 2,
                "type": 1
            },
            "regions": [
                {
                    "id": "SuKMgEcWh",
                    "type": "RECTANGLE",
                    "tags": [
                        "Tree Pose"
                    ],
                    "boundingBox": {
                        "height": 509.66345154769766,
                        "width": 229.44384549571348,
                        "left": 361.35693215339234,
                        "top": 35.30036886220215
                    },
                    "points": [
                        {
                            "x": 361.35693215339234,
                            "y": 35.30036886220215
                        },
                        {
                            "x": 590.8007776491058,
                            "y": 35.30036886220215
                        },
                        {
                            "x": 590.8007776491058,
                            "y": 544.9638204098998
                        },
                        {
                            "x": 361.35693215339234,
                            "y": 544.9638204098998
                        }
                    ]
                }
            ],
            "version": "2.2.0"
        }
    }
}